Treatment,mean,median,sd,n,fold_change_vs_Ctl
Ctl,240.45408124999994,258.2245008333333,72.24001330215293,4,NA
EtOH,373.5242983333334,387.7449083333334,64.24894213767915,7,1.5534121791219688
